id,shipper_id,sequence_number,event_type,location_id,timestamp,weight,temperature,condition_notes,user_id,image_path,destination_city,destination_state,destination_company_name,destination_company_address,destination_company_contact
1,shipper-ln2-20-0001,1,ship,10,2025-04-19 19:14:45.295857,30.0,26.8,Lid tested and secure,7356,https://images.example.com/photo_1.jpg,Augusta,GA,Raleigh Genetics Lab,"420 Main St, Augusta, GA","Dr. Lee, Lab Manager"
2,shipper-ln2-20-0001,2,interim,6,2025-04-19 21:14:45.295857,29.84,21.9,Exterior clean,1921,https://images.example.com/photo_2.jpg,,,,,
3,shipper-ln2-20-0001,3,receive,8,2025-04-21 04:14:45.295857,28.82,22.1,Exterior clean,3381,https://images.example.com/photo_3.jpg,,,,,
4,shipper-ln2-20-0001,4,ship,10,2025-04-24 04:14:45.295857,30.0,25.7,Scuff marks on lid,8881,https://images.example.com/photo_4.jpg,Richmond,VA,GA Advanced Testing,"214 Main St, Richmond, VA","Mr. Johnson, Receiving Coordinator"
5,shipper-ln2-20-0001,5,receive,5,2025-04-25 20:14:45.295857,29.31,23.0,No visible damage,8694,https://images.example.com/photo_5.jpg,,,,,
6,shipper-ln2-20-0001,6,ship,9,2025-04-29 20:14:45.295857,30.0,26.1,Seal intact,9004,https://images.example.com/photo_6.jpg,Nashville,TN,Gainesville Analytical Lab,"731 Main St, Nashville, TN","Ms. Lee, Clinical Supervisor"
7,shipper-ln2-20-0001,7,interim,2,2025-04-30 00:14:45.295857,29.74,22.1,Interior inspected,5691,https://images.example.com/photo_7.jpg,,,,,
8,shipper-ln2-20-0001,8,receive,3,2025-04-30 17:14:45.295857,29.54,27.0,Seal intact,1252,https://images.example.com/photo_8.jpg,,,,,
9,shipper-ln2-20-0001,9,ship,10,2025-05-04 17:14:45.295857,30.0,25.1,Scuff marks on lid,7242,https://images.example.com/photo_9.jpg,Richmond,VA,Augusta Cryo Lab,"884 Main St, Richmond, VA","Dr. Johnson, Clinical Supervisor"
10,shipper-ln2-20-0001,10,receive,5,2025-05-06 09:14:45.295857,28.84,27.6,Interior inspected,4427,https://images.example.com/photo_10.jpg,,,,,
11,shipper-ln2-20-0001,11,ship,5,2025-05-09 09:14:45.295857,30.0,26.9,Seal intact,7752,https://images.example.com/photo_11.jpg,Ashburn,VA,VA Cryo Research,"923 Main St, Ashburn, VA","Ms. Smith, Cryo Tech"
12,shipper-ln2-20-0001,12,receive,2,2025-05-10 05:14:45.295857,28.77,20.3,Exterior clean,1436,https://images.example.com/photo_12.jpg,,,,,
13,shipper-ln2-20-0001,13,ship,6,2025-05-14 05:14:45.295857,30.0,27.4,Exterior clean,3557,https://images.example.com/photo_13.jpg,Augusta,GA,Augusta Cryo Lab,"870 Main St, Augusta, GA","Dr. Johnson, Cryo Tech"
14,shipper-ln2-20-0001,14,receive,8,2025-05-15 17:14:45.295857,28.85,22.9,Scuff marks on lid,3454,https://images.example.com/photo_14.jpg,,,,,
15,shipper-ln2-20-0001,15,ship,4,2025-05-19 17:14:45.295857,30.0,24.0,Interior inspected,4298,https://images.example.com/photo_15.jpg,Birmingham,AL,Gainesville Analytical Lab,"716 Main St, Birmingham, AL","Ms. Smith, Lab Manager"
16,shipper-ln2-20-0001,16,interim,9,2025-05-19 20:14:45.295857,29.84,26.3,Seal intact,1818,https://images.example.com/photo_16.jpg,,,,,
17,shipper-ln2-20-0001,17,receive,6,2025-05-20 21:14:45.295857,29.07,21.0,Minor scratches,1739,https://images.example.com/photo_17.jpg,,,,,
18,shipper-ln2-20-0002,1,ship,9,2025-04-19 19:14:45.295857,30.0,22.1,No visible damage,1614,https://images.example.com/photo_18.jpg,Ashburn,VA,Raleigh Genetics Lab,"936 Main St, Ashburn, VA","Dr. Johnson, Cryo Tech"
19,shipper-ln2-20-0002,2,receive,2,2025-04-20 03:14:45.295857,29.56,27.8,Lid tested and secure,1543,https://images.example.com/photo_19.jpg,,,,,
20,shipper-ln2-20-0002,3,ship,2,2025-04-23 03:14:45.295857,30.0,27.6,Seal intact,5650,https://images.example.com/photo_20.jpg,Richmond,VA,Gainesville Analytical Lab,"432 Main St, Richmond, VA","Dr. Lee, Receiving Coordinator"
21,shipper-ln2-20-0002,4,interim,8,2025-04-23 13:14:45.295857,29.9,25.9,No visible damage,7061,https://images.example.com/photo_21.jpg,,,,,
22,shipper-ln2-20-0002,5,receive,5,2025-04-23 16:14:45.295857,29.08,22.1,Interior inspected,8478,https://images.example.com/photo_22.jpg,,,,,
23,shipper-ln2-20-0002,6,ship,8,2025-04-27 16:14:45.295857,30.0,24.9,Seal intact,3756,https://images.example.com/photo_23.jpg,Milledgeville,GA,Gainesville Analytical Lab,"896 Main St, Milledgeville, GA","Dr. Johnson, Cryo Tech"
24,shipper-ln2-20-0002,7,receive,9,2025-04-28 09:14:45.295857,29.33,24.7,Lid tested and secure,8233,https://images.example.com/photo_24.jpg,,,,,
25,shipper-ln2-20-0002,8,ship,9,2025-05-02 09:14:45.295857,30.0,25.6,Scuff marks on lid,6025,https://images.example.com/photo_25.jpg,Nashville,TN,Gainesville Analytical Lab,"849 Main St, Nashville, TN","Mr. Johnson, Clinical Supervisor"
26,shipper-ln2-20-0002,9,receive,3,2025-05-03 09:14:45.295857,28.73,26.8,Exterior clean,2399,https://images.example.com/photo_26.jpg,,,,,
27,shipper-ln2-20-0002,10,ship,2,2025-05-07 09:14:45.295857,30.0,26.7,No visible damage,7086,https://images.example.com/photo_27.jpg,Atlanta,GA,VA Cryo Research,"346 Main St, Atlanta, GA","Dr. Lee, Lab Manager"
28,shipper-ln2-20-0002,11,receive,1,2025-05-08 10:14:45.295857,28.94,25.2,Interior inspected,1337,https://images.example.com/photo_28.jpg,,,,,
29,shipper-ln2-20-0002,12,ship,4,2025-05-12 10:14:45.295857,30.0,25.9,Minor scratches,6667,https://images.example.com/photo_29.jpg,Milledgeville,GA,VA Cryo Research,"809 Main St, Milledgeville, GA","Mr. Johnson, Clinical Supervisor"
30,shipper-ln2-20-0002,13,receive,9,2025-05-13 08:14:45.295857,29.56,27.2,Exterior clean,5600,https://images.example.com/photo_30.jpg,,,,,
31,shipper-ln2-20-0002,14,ship,1,2025-05-15 08:14:45.295857,30.0,24.1,Seal intact,7054,https://images.example.com/photo_31.jpg,Charlotte,NC,Milledgeville Biotech,"312 Main St, Charlotte, NC","Dr. Smith, Lab Manager"
32,shipper-ln2-20-0002,15,receive,4,2025-05-16 17:14:45.295857,29.62,22.6,Minor scratches,5743,https://images.example.com/photo_32.jpg,,,,,
33,shipper-ln2-20-0003,1,ship,9,2025-04-21 19:14:45.295857,30.0,20.9,Lid tested and secure,7209,https://images.example.com/photo_33.jpg,Ashburn,VA,GA Advanced Testing,"191 Main St, Ashburn, VA","Mr. Smith, Clinical Supervisor"
34,shipper-ln2-20-0003,2,receive,2,2025-04-22 22:14:45.295857,28.64,26.2,Seal intact,1612,https://images.example.com/photo_34.jpg,,,,,
35,shipper-ln2-20-0003,3,ship,2,2025-04-25 22:14:45.295857,30.0,21.8,Interior inspected,5309,https://images.example.com/photo_35.jpg,Charlotte,NC,VA Cryo Research,"403 Main St, Charlotte, NC","Dr. Johnson, Lab Manager"
36,shipper-ln2-20-0003,4,interim,7,2025-04-26 02:14:45.295857,29.81,24.1,Lid tested and secure,6809,https://images.example.com/photo_36.jpg,,,,,
37,shipper-ln2-20-0003,5,receive,4,2025-04-26 16:14:45.295857,28.92,27.3,Lid tested and secure,4555,https://images.example.com/photo_37.jpg,,,,,
38,shipper-ln2-20-0003,6,ship,8,2025-04-30 16:14:45.295857,30.0,22.5,Seal intact,9446,https://images.example.com/photo_38.jpg,Raleigh,NC,VA Cryo Research,"177 Main St, Raleigh, NC","Ms. Johnson, Cryo Tech"
39,shipper-ln2-20-0003,7,receive,7,2025-05-01 10:14:45.295857,29.25,27.1,Lid tested and secure,7492,https://images.example.com/photo_39.jpg,,,,,
40,shipper-ln2-20-0003,8,ship,2,2025-05-02 10:14:45.295857,30.0,27.4,Seal intact,8211,https://images.example.com/photo_40.jpg,Milledgeville,GA,Milledgeville Biotech,"221 Main St, Milledgeville, GA","Ms. Lee, Clinical Supervisor"
41,shipper-ln2-20-0003,9,receive,9,2025-05-03 20:14:45.295857,29.53,24.1,Seal intact,5535,https://images.example.com/photo_41.jpg,,,,,
42,shipper-ln2-20-0003,10,ship,6,2025-05-05 20:14:45.295857,30.0,20.9,Exterior clean,9552,https://images.example.com/photo_42.jpg,Gainesville,FL,VA Cryo Research,"155 Main St, Gainesville, FL","Mr. Lee, Cryo Tech"
43,shipper-ln2-20-0003,11,interim,3,2025-05-05 23:14:45.295857,29.89,27.3,Seal intact,5927,https://images.example.com/photo_43.jpg,,,,,
44,shipper-ln2-20-0003,12,receive,10,2025-05-06 18:14:45.295857,28.92,26.4,Seal intact,7964,https://images.example.com/photo_44.jpg,,,,,
45,shipper-ln2-20-0003,13,ship,6,2025-05-10 18:14:45.295857,30.0,25.7,Lid tested and secure,4775,https://images.example.com/photo_45.jpg,Nashville,TN,GA Advanced Testing,"787 Main St, Nashville, TN","Ms. Lee, Lab Manager"
46,shipper-ln2-20-0003,14,interim,9,2025-05-10 23:14:45.295857,29.82,26.4,Seal intact,8964,https://images.example.com/photo_46.jpg,,,,,
47,shipper-ln2-20-0003,15,receive,3,2025-05-12 16:14:45.295857,28.8,25.1,Seal intact,7639,https://images.example.com/photo_47.jpg,,,,,
48,shipper-ln2-20-0004,1,ship,10,2025-04-21 19:14:45.295857,30.0,26.5,Seal intact,7584,https://images.example.com/photo_48.jpg,Raleigh,NC,Gainesville Analytical Lab,"205 Main St, Raleigh, NC","Ms. Smith, Receiving Coordinator"
49,shipper-ln2-20-0004,2,interim,8,2025-04-22 02:14:45.295857,29.81,21.6,Minor scratches,6196,https://images.example.com/photo_49.jpg,,,,,
50,shipper-ln2-20-0004,3,receive,7,2025-04-22 15:14:45.295857,29.12,21.0,Exterior clean,3560,https://images.example.com/photo_50.jpg,,,,,
51,shipper-ln2-20-0004,4,ship,9,2025-04-26 15:14:45.295857,30.0,23.3,Interior inspected,1135,https://images.example.com/photo_51.jpg,Richmond,VA,VA Cryo Research,"233 Main St, Richmond, VA","Ms. Lee, Lab Manager"
52,shipper-ln2-20-0004,5,receive,5,2025-04-28 08:14:45.295857,28.79,27.4,No visible damage,5780,https://images.example.com/photo_52.jpg,,,,,
53,shipper-ln2-20-0004,6,ship,2,2025-04-29 08:14:45.295857,30.0,22.3,Interior inspected,4673,https://images.example.com/photo_53.jpg,Milledgeville,GA,Milledgeville Biotech,"280 Main St, Milledgeville, GA","Dr. Smith, Cryo Tech"
54,shipper-ln2-20-0004,7,interim,3,2025-04-29 15:14:45.295857,29.87,21.3,Minor scratches,4441,https://images.example.com/photo_54.jpg,,,,,
55,shipper-ln2-20-0004,8,receive,9,2025-04-30 14:14:45.295857,29.16,21.8,Interior inspected,8589,https://images.example.com/photo_55.jpg,,,,,
56,shipper-ln2-20-0004,9,ship,8,2025-05-04 14:14:45.295857,30.0,25.8,Lid tested and secure,9703,https://images.example.com/photo_56.jpg,Gainesville,FL,VA Cryo Research,"402 Main St, Gainesville, FL","Mr. Johnson, Clinical Supervisor"
57,shipper-ln2-20-0004,10,receive,10,2025-05-05 11:14:45.295857,29.18,20.1,Minor scratches,3677,https://images.example.com/photo_57.jpg,,,,,
58,shipper-ln2-20-0004,11,ship,8,2025-05-08 11:14:45.295857,30.0,27.3,Exterior clean,4598,https://images.example.com/photo_58.jpg,Charlotte,NC,GA Advanced Testing,"131 Main St, Charlotte, NC","Dr. Johnson, Cryo Tech"
59,shipper-ln2-20-0004,12,receive,4,2025-05-10 03:14:45.295857,28.67,21.3,Scuff marks on lid,3986,https://images.example.com/photo_59.jpg,,,,,
60,shipper-ln2-20-0004,13,ship,6,2025-05-11 03:14:45.295857,30.0,20.5,No visible damage,2401,https://images.example.com/photo_60.jpg,Raleigh,NC,Gainesville Analytical Lab,"645 Main St, Raleigh, NC","Mr. Lee, Receiving Coordinator"
61,shipper-ln2-20-0004,14,receive,7,2025-05-12 17:14:45.295857,28.58,20.2,Interior inspected,4645,https://images.example.com/photo_61.jpg,,,,,
62,shipper-ln2-20-0004,15,ship,10,2025-05-16 17:14:45.295857,30.0,27.5,Seal intact,9926,https://images.example.com/photo_62.jpg,Charlotte,NC,Augusta Cryo Lab,"320 Main St, Charlotte, NC","Ms. Johnson, Lab Manager"
63,shipper-ln2-20-0004,16,interim,9,2025-05-17 01:14:45.295857,29.71,21.9,Scuff marks on lid,3666,https://images.example.com/photo_63.jpg,,,,,
64,shipper-ln2-20-0004,17,receive,4,2025-05-18 11:14:45.295857,28.57,21.5,Interior inspected,2730,https://images.example.com/photo_64.jpg,,,,,
65,shipper-ln2-20-0005,1,ship,10,2025-04-17 19:14:45.295857,30.0,26.0,No visible damage,6790,https://images.example.com/photo_65.jpg,Ashburn,VA,Raleigh Genetics Lab,"808 Main St, Ashburn, VA","Ms. Johnson, Receiving Coordinator"
66,shipper-ln2-20-0005,2,receive,2,2025-04-18 17:14:45.295857,29.14,21.0,Interior inspected,9882,https://images.example.com/photo_66.jpg,,,,,
67,shipper-ln2-20-0005,3,ship,10,2025-04-21 17:14:45.295857,30.0,26.9,Exterior clean,3563,https://images.example.com/photo_67.jpg,Atlanta,GA,Gainesville Analytical Lab,"849 Main St, Atlanta, GA","Dr. Lee, Receiving Coordinator"
68,shipper-ln2-20-0005,4,receive,1,2025-04-22 15:14:45.295857,29.27,27.6,Lid tested and secure,1432,https://images.example.com/photo_68.jpg,,,,,
69,shipper-ln2-20-0005,5,ship,2,2025-04-25 15:14:45.295857,30.0,25.6,Lid tested and secure,4289,https://images.example.com/photo_69.jpg,Richmond,VA,Milledgeville Biotech,"357 Main St, Richmond, VA","Dr. Lee, Lab Manager"
70,shipper-ln2-20-0005,6,interim,9,2025-04-25 18:14:45.295857,29.71,22.8,Minor scratches,8319,https://images.example.com/photo_70.jpg,,,,,
71,shipper-ln2-20-0005,7,receive,5,2025-04-27 01:14:45.295857,29.04,25.2,No visible damage,5443,https://images.example.com/photo_71.jpg,,,,,
72,shipper-ln2-20-0005,8,ship,1,2025-04-28 01:14:45.295857,30.0,26.1,Scuff marks on lid,3319,https://images.example.com/photo_72.jpg,Richmond,VA,VA Cryo Research,"895 Main St, Richmond, VA","Mr. Lee, Lab Manager"
73,shipper-ln2-20-0005,9,interim,4,2025-04-28 06:14:45.295857,29.79,20.1,Exterior clean,6712,https://images.example.com/photo_73.jpg,,,,,
74,shipper-ln2-20-0005,10,receive,5,2025-04-29 18:14:45.295857,29.19,24.0,No visible damage,6398,https://images.example.com/photo_74.jpg,,,,,
75,shipper-ln2-20-0005,11,ship,6,2025-05-01 18:14:45.295857,30.0,23.2,Minor scratches,6115,https://images.example.com/photo_75.jpg,Ashburn,VA,Augusta Cryo Lab,"515 Main St, Ashburn, VA","Mr. Johnson, Receiving Coordinator"
76,shipper-ln2-20-0005,12,interim,7,2025-05-02 00:14:45.295857,29.72,27.6,Scuff marks on lid,1729,https://images.example.com/photo_76.jpg,,,,,
77,shipper-ln2-20-0005,13,receive,2,2025-05-03 03:14:45.295857,29.25,20.2,Minor scratches,9145,https://images.example.com/photo_77.jpg,,,,,
78,shipper-ln2-20-0005,14,ship,8,2025-05-07 03:14:45.295857,30.0,27.5,Interior inspected,4941,https://images.example.com/photo_78.jpg,Milledgeville,GA,Augusta Cryo Lab,"495 Main St, Milledgeville, GA","Dr. Smith, Clinical Supervisor"
79,shipper-ln2-20-0005,15,receive,9,2025-05-09 01:14:45.295857,29.31,23.5,Seal intact,5477,https://images.example.com/photo_79.jpg,,,,,
80,shipper-ln2-20-0006,1,ship,10,2025-04-18 19:14:45.295857,30.0,24.6,Seal intact,4655,https://images.example.com/photo_80.jpg,Raleigh,NC,VA Cryo Research,"675 Main St, Raleigh, NC","Dr. Johnson, Lab Manager"
81,shipper-ln2-20-0006,2,receive,7,2025-04-20 17:14:45.295857,28.18,23.3,Exterior clean,7352,https://images.example.com/photo_81.jpg,,,,,
82,shipper-ln2-20-0006,3,ship,10,2025-04-22 17:14:45.295857,30.0,26.5,No visible damage,5521,https://images.example.com/photo_82.jpg,Birmingham,AL,Augusta Cryo Lab,"962 Main St, Birmingham, AL","Dr. Johnson, Clinical Supervisor"
83,shipper-ln2-20-0006,4,interim,8,2025-04-23 02:14:45.295857,29.73,23.5,Minor scratches,9758,https://images.example.com/photo_83.jpg,,,,,
84,shipper-ln2-20-0006,5,receive,6,2025-04-24 11:14:45.295857,28.49,26.4,Lid tested and secure,5362,https://images.example.com/photo_84.jpg,,,,,
85,shipper-ln2-20-0006,6,ship,1,2025-04-28 11:14:45.295857,30.0,25.7,Interior inspected,6109,https://images.example.com/photo_85.jpg,Ashburn,VA,Raleigh Genetics Lab,"547 Main St, Ashburn, VA","Mr. Lee, Lab Manager"
86,shipper-ln2-20-0006,7,receive,2,2025-04-29 12:14:45.295857,27.76,22.0,Seal intact,5880,https://images.example.com/photo_86.jpg,,,,,
87,shipper-ln2-20-0006,8,ship,10,2025-05-01 12:14:45.295857,30.0,24.0,Interior inspected,6361,https://images.example.com/photo_87.jpg,Raleigh,NC,VA Cryo Research,"501 Main St, Raleigh, NC","Mr. Lee, Cryo Tech"
88,shipper-ln2-20-0006,9,receive,7,2025-05-01 21:14:45.295857,27.27,26.7,Exterior clean,1031,https://images.example.com/photo_88.jpg,,,,,
89,shipper-ln2-20-0007,1,ship,6,2025-04-18 19:14:45.295857,30.0,23.1,Scuff marks on lid,6283,https://images.example.com/photo_89.jpg,Richmond,VA,GA Advanced Testing,"741 Main St, Richmond, VA","Ms. Lee, Cryo Tech"
90,shipper-ln2-20-0007,2,receive,5,2025-04-20 03:14:45.295857,29.66,23.4,Scuff marks on lid,2898,https://images.example.com/photo_90.jpg,,,,,
91,shipper-ln2-20-0007,3,ship,10,2025-04-23 03:14:45.295857,30.0,25.0,Exterior clean,4993,https://images.example.com/photo_91.jpg,Atlanta,GA,Raleigh Genetics Lab,"425 Main St, Atlanta, GA","Dr. Lee, Cryo Tech"
92,shipper-ln2-20-0007,4,receive,1,2025-04-25 01:14:45.295857,28.52,27.8,Exterior clean,9396,https://images.example.com/photo_92.jpg,,,,,
93,shipper-ln2-20-0007,5,ship,10,2025-04-26 01:14:45.295857,30.0,26.7,Lid tested and secure,2000,https://images.example.com/photo_93.jpg,Raleigh,NC,Augusta Cryo Lab,"400 Main St, Raleigh, NC","Mr. Smith, Cryo Tech"
94,shipper-ln2-20-0007,6,receive,7,2025-04-26 23:14:45.295857,29.03,23.7,No visible damage,8678,https://images.example.com/photo_94.jpg,,,,,
95,shipper-ln2-20-0007,7,ship,9,2025-04-28 23:14:45.295857,30.0,21.9,Exterior clean,9770,https://images.example.com/photo_95.jpg,Ashburn,VA,Milledgeville Biotech,"855 Main St, Ashburn, VA","Dr. Lee, Receiving Coordinator"
96,shipper-ln2-20-0007,8,interim,7,2025-04-29 04:14:45.295857,29.75,20.4,Interior inspected,1838,https://images.example.com/photo_96.jpg,,,,,
97,shipper-ln2-20-0007,9,receive,2,2025-04-30 14:14:45.295857,29.14,24.6,Lid tested and secure,5210,https://images.example.com/photo_97.jpg,,,,,
98,shipper-ln2-30-0008,1,ship,1,2025-04-20 19:14:45.295857,40.0,20.7,Scuff marks on lid,7443,https://images.example.com/photo_98.jpg,Augusta,GA,Raleigh Genetics Lab,"609 Main St, Augusta, GA","Ms. Lee, Lab Manager"
99,shipper-ln2-30-0008,2,receive,8,2025-04-22 01:14:45.295857,37.37,22.2,Lid tested and secure,5073,https://images.example.com/photo_99.jpg,,,,,
100,shipper-ln2-30-0008,3,ship,8,2025-04-23 01:14:45.295857,40.0,24.3,Interior inspected,9712,https://images.example.com/photo_100.jpg,Ashburn,VA,Augusta Cryo Lab,"286 Main St, Ashburn, VA","Dr. Lee, Cryo Tech"
101,shipper-ln2-30-0008,4,receive,2,2025-04-23 18:14:45.295857,37.88,22.1,Lid tested and secure,3748,https://images.example.com/photo_101.jpg,,,,,
102,shipper-ln2-30-0008,5,ship,6,2025-04-26 18:14:45.295857,40.0,20.4,Interior inspected,7555,https://images.example.com/photo_102.jpg,Charlotte,NC,VA Cryo Research,"511 Main St, Charlotte, NC","Mr. Lee, Lab Manager"
103,shipper-ln2-30-0008,6,interim,1,2025-04-27 01:14:45.295857,39.82,25.4,Seal intact,2143,https://images.example.com/photo_103.jpg,,,,,
104,shipper-ln2-30-0008,7,receive,4,2025-04-28 02:14:45.295857,37.0,23.9,Scuff marks on lid,7423,https://images.example.com/photo_104.jpg,,,,,
105,shipper-ln2-30-0008,8,ship,10,2025-05-01 02:14:45.295857,40.0,22.5,Exterior clean,9252,https://images.example.com/photo_105.jpg,Augusta,GA,GA Advanced Testing,"148 Main St, Augusta, GA","Dr. Lee, Lab Manager"
106,shipper-ln2-30-0008,9,receive,8,2025-05-02 00:14:45.295857,37.8,20.2,Scuff marks on lid,6828,https://images.example.com/photo_106.jpg,,,,,
107,shipper-ln2-30-0009,1,ship,9,2025-04-20 19:14:45.295857,40.0,26.3,Interior inspected,7298,https://images.example.com/photo_107.jpg,Gainesville,FL,Augusta Cryo Lab,"698 Main St, Gainesville, FL","Ms. Lee, Receiving Coordinator"
108,shipper-ln2-30-0009,2,interim,1,2025-04-21 02:14:45.295857,39.77,26.0,No visible damage,7901,https://images.example.com/photo_108.jpg,,,,,
109,shipper-ln2-30-0009,3,receive,10,2025-04-22 06:14:45.295857,39.33,23.7,Scuff marks on lid,8613,https://images.example.com/photo_109.jpg,,,,,
110,shipper-ln2-30-0009,4,ship,4,2025-04-25 06:14:45.295857,40.0,26.8,Exterior clean,3196,https://images.example.com/photo_110.jpg,Ashburn,VA,Augusta Cryo Lab,"167 Main St, Ashburn, VA","Mr. Smith, Clinical Supervisor"
111,shipper-ln2-30-0009,5,receive,2,2025-04-26 22:14:45.295857,38.11,20.9,Scuff marks on lid,3632,https://images.example.com/photo_111.jpg,,,,,
112,shipper-ln2-30-0009,6,ship,7,2025-04-29 22:14:45.295857,40.0,20.3,Exterior clean,2419,https://images.example.com/photo_112.jpg,Birmingham,AL,GA Advanced Testing,"478 Main St, Birmingham, AL","Mr. Lee, Receiving Coordinator"
113,shipper-ln2-30-0009,7,receive,6,2025-05-01 05:14:45.295857,39.27,26.0,Scuff marks on lid,3412,https://images.example.com/photo_113.jpg,,,,,
114,shipper-ln2-30-0009,8,ship,10,2025-05-04 05:14:45.295857,40.0,21.9,Scuff marks on lid,2795,https://images.example.com/photo_114.jpg,Raleigh,NC,VA Cryo Research,"401 Main St, Raleigh, NC","Ms. Johnson, Cryo Tech"
115,shipper-ln2-30-0009,9,receive,7,2025-05-05 03:14:45.295857,39.37,26.2,Minor scratches,6051,https://images.example.com/photo_115.jpg,,,,,
116,shipper-ln2-30-0010,1,ship,10,2025-04-16 19:14:45.295857,40.0,22.5,Lid tested and secure,5384,https://images.example.com/photo_116.jpg,Nashville,TN,VA Cryo Research,"540 Main St, Nashville, TN","Mr. Johnson, Clinical Supervisor"
117,shipper-ln2-30-0010,2,receive,3,2025-04-17 05:14:45.295857,38.32,25.8,Minor scratches,2886,https://images.example.com/photo_117.jpg,,,,,
118,shipper-ln2-30-0010,3,ship,9,2025-04-19 05:14:45.295857,40.0,27.0,Exterior clean,9946,https://images.example.com/photo_118.jpg,Gainesville,FL,Augusta Cryo Lab,"918 Main St, Gainesville, FL","Mr. Johnson, Receiving Coordinator"
119,shipper-ln2-30-0010,4,interim,4,2025-04-19 08:14:45.295857,39.76,23.7,Interior inspected,1008,https://images.example.com/photo_119.jpg,,,,,
120,shipper-ln2-30-0010,5,receive,10,2025-04-19 23:14:45.295857,38.42,27.1,Lid tested and secure,4888,https://images.example.com/photo_120.jpg,,,,,
121,shipper-ln2-30-0010,6,ship,4,2025-04-22 23:14:45.295857,40.0,23.8,No visible damage,2506,https://images.example.com/photo_121.jpg,Milledgeville,GA,Gainesville Analytical Lab,"191 Main St, Milledgeville, GA","Ms. Lee, Receiving Coordinator"
122,shipper-ln2-30-0010,7,interim,3,2025-04-23 05:14:45.295857,39.81,25.5,Lid tested and secure,7200,https://images.example.com/photo_122.jpg,,,,,
123,shipper-ln2-30-0010,8,receive,9,2025-04-24 03:14:45.295857,38.08,25.5,Minor scratches,2783,https://images.example.com/photo_123.jpg,,,,,
124,shipper-ln2-30-0010,9,ship,5,2025-04-26 03:14:45.295857,40.0,23.9,No visible damage,6966,https://images.example.com/photo_124.jpg,Charlotte,NC,Milledgeville Biotech,"179 Main St, Charlotte, NC","Mr. Lee, Receiving Coordinator"
125,shipper-ln2-30-0010,10,receive,4,2025-04-27 17:14:45.295857,38.31,26.3,No visible damage,2183,https://images.example.com/photo_125.jpg,,,,,
126,shipper-ln2-30-0010,11,ship,8,2025-04-30 17:14:45.295857,40.0,26.4,Exterior clean,9282,https://images.example.com/photo_126.jpg,Raleigh,NC,Gainesville Analytical Lab,"487 Main St, Raleigh, NC","Ms. Johnson, Clinical Supervisor"
127,shipper-ln2-30-0010,12,receive,7,2025-05-02 07:14:45.295857,39.42,26.1,Lid tested and secure,2269,https://images.example.com/photo_127.jpg,,,,,
128,shipper-ln2-30-0010,13,ship,7,2025-05-04 07:14:45.295857,40.0,20.5,Interior inspected,7282,https://images.example.com/photo_128.jpg,Ashburn,VA,Milledgeville Biotech,"299 Main St, Ashburn, VA","Ms. Smith, Clinical Supervisor"
129,shipper-ln2-30-0010,14,receive,2,2025-05-05 16:14:45.295857,38.57,22.7,Exterior clean,8783,https://images.example.com/photo_129.jpg,,,,,
130,shipper-ln2-30-0010,15,ship,2,2025-05-09 16:14:45.295857,40.0,22.6,Exterior clean,5859,https://images.example.com/photo_130.jpg,Charlotte,NC,Raleigh Genetics Lab,"706 Main St, Charlotte, NC","Mr. Johnson, Cryo Tech"
131,shipper-ln2-30-0010,16,receive,4,2025-05-10 05:14:45.295857,38.38,26.0,No visible damage,1164,https://images.example.com/photo_131.jpg,,,,,
132,shipper-ln2-30-0011,1,ship,1,2025-04-16 19:14:45.295857,40.0,21.8,Exterior clean,6661,https://images.example.com/photo_132.jpg,Ashburn,VA,VA Cryo Research,"599 Main St, Ashburn, VA","Dr. Johnson, Lab Manager"
133,shipper-ln2-30-0011,2,interim,10,2025-04-16 23:14:45.295857,39.72,20.3,No visible damage,5410,https://images.example.com/photo_133.jpg,,,,,
134,shipper-ln2-30-0011,3,receive,2,2025-04-18 06:14:45.295857,38.32,25.7,Seal intact,1974,https://images.example.com/photo_134.jpg,,,,,
135,shipper-ln2-30-0011,4,ship,6,2025-04-22 06:14:45.295857,40.0,21.6,Interior inspected,6851,https://images.example.com/photo_135.jpg,Richmond,VA,GA Advanced Testing,"356 Main St, Richmond, VA","Ms. Lee, Clinical Supervisor"
136,shipper-ln2-30-0011,5,receive,5,2025-04-24 02:14:45.295857,38.56,27.1,Interior inspected,2463,https://images.example.com/photo_136.jpg,,,,,
137,shipper-ln2-30-0011,6,ship,1,2025-04-25 02:14:45.295857,40.0,24.0,Seal intact,6371,https://images.example.com/photo_137.jpg,Ashburn,VA,Gainesville Analytical Lab,"190 Main St, Ashburn, VA","Mr. Johnson, Lab Manager"
138,shipper-ln2-30-0011,7,interim,4,2025-04-25 07:14:45.295857,39.83,21.4,Exterior clean,5316,https://images.example.com/photo_138.jpg,,,,,
139,shipper-ln2-30-0011,8,receive,2,2025-04-26 09:14:45.295857,38.54,23.2,Seal intact,8081,https://images.example.com/photo_139.jpg,,,,,
140,shipper-ln2-30-0011,9,ship,2,2025-04-29 09:14:45.295857,40.0,27.1,Seal intact,9128,https://images.example.com/photo_140.jpg,Birmingham,AL,VA Cryo Research,"838 Main St, Birmingham, AL","Dr. Smith, Lab Manager"
141,shipper-ln2-30-0011,10,receive,6,2025-05-01 04:14:45.295857,38.88,20.9,Lid tested and secure,4919,https://images.example.com/photo_141.jpg,,,,,
142,shipper-ln2-30-0011,11,ship,2,2025-05-05 04:14:45.295857,40.0,21.1,Exterior clean,6510,https://images.example.com/photo_142.jpg,Atlanta,GA,Gainesville Analytical Lab,"151 Main St, Atlanta, GA","Ms. Johnson, Cryo Tech"
143,shipper-ln2-30-0011,12,receive,1,2025-05-06 23:14:45.295857,39.28,20.6,Scuff marks on lid,9204,https://images.example.com/photo_143.jpg,,,,,
144,shipper-ln2-30-0011,13,ship,5,2025-05-09 23:14:45.295857,40.0,25.3,Interior inspected,6796,https://images.example.com/photo_144.jpg,Atlanta,GA,VA Cryo Research,"429 Main St, Atlanta, GA","Dr. Lee, Clinical Supervisor"
145,shipper-ln2-30-0011,14,receive,1,2025-05-11 15:14:45.295857,38.58,24.0,Minor scratches,9629,https://images.example.com/photo_145.jpg,,,,,
146,shipper-ln2-30-0012,1,ship,3,2025-04-19 19:14:45.295857,40.0,20.3,Scuff marks on lid,7886,https://images.example.com/photo_146.jpg,Charlotte,NC,Milledgeville Biotech,"192 Main St, Charlotte, NC","Dr. Johnson, Lab Manager"
147,shipper-ln2-30-0012,2,receive,4,2025-04-20 10:14:45.295857,39.06,24.2,No visible damage,8029,https://images.example.com/photo_147.jpg,,,,,
148,shipper-ln2-30-0012,3,ship,2,2025-04-22 10:14:45.295857,40.0,22.4,Minor scratches,3856,https://images.example.com/photo_148.jpg,Richmond,VA,Milledgeville Biotech,"778 Main St, Richmond, VA","Mr. Johnson, Receiving Coordinator"
149,shipper-ln2-30-0012,4,receive,5,2025-04-23 19:14:45.295857,38.38,25.0,Seal intact,6640,https://images.example.com/photo_149.jpg,,,,,
150,shipper-ln2-30-0012,5,ship,9,2025-04-25 19:14:45.295857,40.0,25.8,Scuff marks on lid,2917,https://images.example.com/photo_150.jpg,Gainesville,FL,Gainesville Analytical Lab,"319 Main St, Gainesville, FL","Dr. Smith, Receiving Coordinator"
151,shipper-ln2-30-0012,6,interim,2,2025-04-25 21:14:45.295857,39.85,24.0,Lid tested and secure,9656,https://images.example.com/photo_151.jpg,,,,,
152,shipper-ln2-30-0012,7,receive,10,2025-04-26 08:14:45.295857,38.7,20.7,No visible damage,1133,https://images.example.com/photo_152.jpg,,,,,
153,shipper-ln2-30-0012,8,ship,8,2025-04-30 08:14:45.295857,40.0,21.0,Exterior clean,6401,https://images.example.com/photo_153.jpg,Nashville,TN,Gainesville Analytical Lab,"647 Main St, Nashville, TN","Mr. Lee, Cryo Tech"
154,shipper-ln2-30-0012,9,receive,3,2025-05-01 23:14:45.295857,38.67,22.3,Minor scratches,6478,https://images.example.com/photo_154.jpg,,,,,
155,shipper-ln2-30-0012,10,ship,9,2025-05-04 23:14:45.295857,40.0,23.4,Lid tested and secure,6187,https://images.example.com/photo_155.jpg,Atlanta,GA,GA Advanced Testing,"559 Main St, Atlanta, GA","Mr. Smith, Cryo Tech"
156,shipper-ln2-30-0012,11,receive,1,2025-05-06 17:14:45.295857,39.36,22.0,Interior inspected,8866,https://images.example.com/photo_156.jpg,,,,,
157,shipper-ln2-30-0013,1,ship,10,2025-04-19 19:14:45.295857,40.0,21.2,No visible damage,8191,https://images.example.com/photo_157.jpg,Atlanta,GA,Augusta Cryo Lab,"852 Main St, Atlanta, GA","Dr. Lee, Receiving Coordinator"
158,shipper-ln2-30-0013,2,receive,1,2025-04-21 18:14:45.295857,39.28,25.9,Interior inspected,6827,https://images.example.com/photo_158.jpg,,,,,
159,shipper-ln2-30-0013,3,ship,1,2025-04-23 18:14:45.295857,40.0,24.8,Lid tested and secure,5883,https://images.example.com/photo_159.jpg,Gainesville,FL,Raleigh Genetics Lab,"392 Main St, Gainesville, FL","Dr. Johnson, Cryo Tech"
160,shipper-ln2-30-0013,4,interim,2,2025-04-24 02:14:45.295857,39.83,25.7,Seal intact,1449,https://images.example.com/photo_160.jpg,,,,,
161,shipper-ln2-30-0013,5,receive,10,2025-04-24 08:14:45.295857,38.35,21.5,Exterior clean,3718,https://images.example.com/photo_161.jpg,,,,,
162,shipper-ln2-30-0013,6,ship,6,2025-04-27 08:14:45.295857,40.0,25.3,Seal intact,3349,https://images.example.com/photo_162.jpg,Gainesville,FL,Gainesville Analytical Lab,"577 Main St, Gainesville, FL","Ms. Lee, Clinical Supervisor"
163,shipper-ln2-30-0013,7,receive,10,2025-04-28 19:14:45.295857,39.02,25.1,Lid tested and secure,7612,https://images.example.com/photo_163.jpg,,,,,
164,shipper-ln2-30-0013,8,ship,6,2025-05-01 19:14:45.295857,40.0,22.5,Exterior clean,6241,https://images.example.com/photo_164.jpg,Gainesville,FL,Raleigh Genetics Lab,"494 Main St, Gainesville, FL","Dr. Smith, Lab Manager"
165,shipper-ln2-30-0013,9,interim,2,2025-05-02 01:14:45.295857,39.84,26.6,Lid tested and secure,7523,https://images.example.com/photo_165.jpg,,,,,
166,shipper-ln2-30-0013,10,receive,10,2025-05-03 09:14:45.295857,38.64,20.8,Scuff marks on lid,5801,https://images.example.com/photo_166.jpg,,,,,
167,shipper-ln2-30-0013,11,ship,4,2025-05-06 09:14:45.295857,40.0,20.9,Seal intact,6342,https://images.example.com/photo_167.jpg,Richmond,VA,Gainesville Analytical Lab,"543 Main St, Richmond, VA","Dr. Smith, Lab Manager"
168,shipper-ln2-30-0013,12,interim,8,2025-05-06 19:14:45.295857,39.78,24.0,Exterior clean,8418,https://images.example.com/photo_168.jpg,,,,,
169,shipper-ln2-30-0013,13,receive,5,2025-05-07 08:14:45.295857,38.69,27.6,Scuff marks on lid,5257,https://images.example.com/photo_169.jpg,,,,,
170,shipper-ln2-30-0013,14,ship,6,2025-05-09 08:14:45.295857,40.0,20.9,Interior inspected,5045,https://images.example.com/photo_170.jpg,Charlotte,NC,VA Cryo Research,"529 Main St, Charlotte, NC","Ms. Lee, Receiving Coordinator"
171,shipper-ln2-30-0013,15,receive,4,2025-05-10 18:14:45.295857,38.36,27.9,Interior inspected,8450,https://images.example.com/photo_171.jpg,,,,,
172,shipper-ln2-30-0013,16,ship,1,2025-05-12 18:14:45.295857,40.0,27.7,No visible damage,6131,https://images.example.com/photo_172.jpg,Birmingham,AL,Milledgeville Biotech,"156 Main St, Birmingham, AL","Mr. Smith, Lab Manager"
173,shipper-ln2-30-0013,17,receive,6,2025-05-13 18:14:45.295857,38.46,27.6,Lid tested and secure,2105,https://images.example.com/photo_173.jpg,,,,,
174,shipper-ln2-30-0014,1,ship,9,2025-04-21 19:14:45.295857,40.0,20.7,Minor scratches,7310,https://images.example.com/photo_174.jpg,Nashville,TN,Raleigh Genetics Lab,"893 Main St, Nashville, TN","Ms. Lee, Lab Manager"
175,shipper-ln2-30-0014,2,receive,3,2025-04-23 02:14:45.295857,39.49,23.7,Lid tested and secure,5989,https://images.example.com/photo_175.jpg,,,,,
176,shipper-ln2-30-0014,3,ship,10,2025-04-27 02:14:45.295857,40.0,21.0,No visible damage,2691,https://images.example.com/photo_176.jpg,Richmond,VA,Raleigh Genetics Lab,"290 Main St, Richmond, VA","Ms. Johnson, Clinical Supervisor"
177,shipper-ln2-30-0014,4,receive,5,2025-04-27 17:14:45.295857,39.6,21.8,Lid tested and secure,5012,https://images.example.com/photo_177.jpg,,,,,
178,shipper-ln2-30-0014,5,ship,3,2025-04-29 17:14:45.295857,40.0,24.0,Lid tested and secure,1554,https://images.example.com/photo_178.jpg,Birmingham,AL,GA Advanced Testing,"619 Main St, Birmingham, AL","Mr. Johnson, Lab Manager"
179,shipper-ln2-30-0014,6,receive,6,2025-04-30 17:14:45.295857,38.92,26.1,No visible damage,8484,https://images.example.com/photo_179.jpg,,,,,
180,shipper-ln2-30-0014,7,ship,10,2025-05-01 17:14:45.295857,40.0,27.5,No visible damage,7643,https://images.example.com/photo_180.jpg,Atlanta,GA,Raleigh Genetics Lab,"845 Main St, Atlanta, GA","Ms. Smith, Receiving Coordinator"
181,shipper-ln2-30-0014,8,receive,1,2025-05-03 02:14:45.295857,38.69,21.4,Exterior clean,1732,https://images.example.com/photo_181.jpg,,,,,
182,shipper-ln2-30-0014,9,ship,6,2025-05-07 02:14:45.295857,40.0,22.7,Lid tested and secure,3425,https://images.example.com/photo_182.jpg,Richmond,VA,GA Advanced Testing,"525 Main St, Richmond, VA","Ms. Johnson, Receiving Coordinator"
183,shipper-ln2-30-0014,10,interim,10,2025-05-07 04:14:45.295857,39.78,20.4,No visible damage,9627,https://images.example.com/photo_183.jpg,,,,,
184,shipper-ln2-30-0014,11,receive,5,2025-05-08 06:14:45.295857,38.36,26.4,Lid tested and secure,9284,https://images.example.com/photo_184.jpg,,,,,
185,shipper-ln2-30-0015,1,ship,3,2025-04-17 19:14:45.295857,40.0,22.6,Interior inspected,5459,https://images.example.com/photo_185.jpg,Charlotte,NC,Milledgeville Biotech,"715 Main St, Charlotte, NC","Dr. Smith, Lab Manager"
186,shipper-ln2-30-0015,2,receive,4,2025-04-19 02:14:45.295857,38.08,25.4,Lid tested and secure,7099,https://images.example.com/photo_186.jpg,,,,,
187,shipper-ln2-30-0015,3,ship,10,2025-04-20 02:14:45.295857,40.0,25.4,Scuff marks on lid,7615,https://images.example.com/photo_187.jpg,Richmond,VA,GA Advanced Testing,"732 Main St, Richmond, VA","Ms. Johnson, Receiving Coordinator"
188,shipper-ln2-30-0015,4,receive,5,2025-04-20 13:14:45.295857,38.81,20.8,Exterior clean,2316,https://images.example.com/photo_188.jpg,,,,,
189,shipper-ln2-30-0015,5,ship,4,2025-04-24 13:14:45.295857,40.0,21.3,Interior inspected,4568,https://images.example.com/photo_189.jpg,Atlanta,GA,Raleigh Genetics Lab,"197 Main St, Atlanta, GA","Ms. Smith, Clinical Supervisor"
190,shipper-ln2-30-0015,6,receive,1,2025-04-25 06:14:45.295857,39.54,20.8,Minor scratches,2681,https://images.example.com/photo_190.jpg,,,,,
191,shipper-ln2-30-0015,7,ship,2,2025-04-29 06:14:45.295857,40.0,25.6,Minor scratches,2545,https://images.example.com/photo_191.jpg,Birmingham,AL,VA Cryo Research,"805 Main St, Birmingham, AL","Mr. Smith, Clinical Supervisor"
192,shipper-ln2-30-0015,8,receive,6,2025-04-29 23:14:45.295857,39.13,22.1,Minor scratches,8394,https://images.example.com/photo_192.jpg,,,,,
193,shipper-ln2-30-0015,9,ship,4,2025-05-03 23:14:45.295857,40.0,26.0,Lid tested and secure,6702,https://images.example.com/photo_193.jpg,Milledgeville,GA,Augusta Cryo Lab,"160 Main St, Milledgeville, GA","Ms. Lee, Lab Manager"
194,shipper-ln2-30-0015,10,interim,2,2025-05-04 06:14:45.295857,39.9,23.7,No visible damage,9281,https://images.example.com/photo_194.jpg,,,,,
195,shipper-ln2-30-0015,11,receive,9,2025-05-04 13:14:45.295857,38.04,24.0,Minor scratches,5338,https://images.example.com/photo_195.jpg,,,,,
